{
    // Use IntelliSense to learn about possible Node.js debug attributes.
    // Hover to view descriptions of existing attributes.
    // For more information, visit: https://go.microsoft.com/fwlink/?linkid=830387
    "version": "0.2.0",
    "configurations": [
        {
            "type": "node",
            "request": "launch",
            "name": "Debug Protractor",
            "program": "${workspaceRoot}/node_modules/protractor/bin/protractor",
            "stopOnEntry": false,
            "args": [
                "${workspaceRoot}/Test/steps/config.js"
            ],
            "outFiles": [
                "${workspaceRoot}/out/**/*.js"
            ]
        }
    ]
}